log_yield,lat,log_subsidy,atr,mpdq,mph2oq,mtwq,sdmp,sdmt,ndvi,clay,sand,silt,nmtaf,htwm
2.966141733,30.875,6.422252909,30.10000038,2.900000095,4.833330154,26.83329964,0.89962101,6.624080181,0.595000029,7,78,15,12,33.09999847
2.610660163,32.125,5.575949502,31.79999924,2.466670036,4.400000095,26.70000076,0.836117029,7.212659836,0.730000019,18,64,18,12,33.20000076
2.766412847,32.125,6.55567727,32.40000153,2.366669893,4.333330154,26.43330002,0.803919971,7.138179779,0.620999992,7,72,20,12,33.20000076
2.862131379,32.125,5.798985386,31.89999962,2.299999952,4,26.43330002,0.71153897,6.920909882,0.616999984,6,81,13,12,33.5
2.716837723,32.625,5.649357254,32.5,2.433330059,4.266670227,26.13330078,0.742232978,7.180190086,0.699000001,8,73,18,12,33
2.806179974,32.875,5.69855549,32.90000153,2.299999952,3.766669989,26.13330078,0.617116988,7.231289864,0.702000022,7,72,20,12,33.40000153
2.791690649,31.875,6.437028463,32.40000153,2.366669893,4.433330059,26.43330002,0.893876016,7.04406023,0.628000021,6,79,14,12,33.29999924
2.767897616,30.875,6.672168171,30.5,2.533329964,4.766670227,26.86669922,0.99220401,6.452670097,0.630999982,7,72,20,12,33.5
2.819543936,31.375,6.521118723,31.79999924,2.366669893,4.400000095,26.36669922,0.927811027,6.769909859,0.568000019,6,82,12,12,33.29999924
2.691965103,32.125,5.640117551,31.89999962,2.299999952,4,26.43330002,0.71153897,6.920909882,0.638999999,6,82,12,12,33.5
2.733999287,32.375,5.339274507,32.29999924,2.233330011,3.833329916,26.5333004,0.701242983,7.049409866,0.685000002,6,82,12,12,33.59999847
2.709269961,31.625,6.475276804,32.5,2.299999952,4.166669846,26.26670074,0.847276986,6.985760212,0.566999972,6,79,14,12,33.29999924
2.771587481,32.625,5.665473107,33,2.200000048,3.866669893,26.29999924,0.658452988,7.331850052,0.716000021,7,78,15,12,33.40000153
2.880241776,31.125,5.677618814,32.40000153,2.366669893,4.766670227,26.70000076,0.972189009,6.68708992,0.671000004,3,92,5,12,34.09999847
2.875639937,32.875,5.562936096,32.90000153,2.299999952,3.766669989,26.13330078,0.617116988,7.231289864,0.702000022,7,72,20,12,33.40000153
2.863917377,31.625,6.043578782,30.70000076,2.266669989,4.566669941,26.73329926,0.947565019,6.664609909,0.67900002,4,88,8,12,33.40000153
2.741151599,31.875,6.443915113,32.29999924,2.266669989,4.033329964,26.4666996,0.808852017,6.940849781,0.633000016,6,82,12,12,33.59999847
2.836956737,31.625,6.846959835,32.5,2.299999952,4.166669846,26.26670074,0.847276986,6.985760212,0.589999974,6,79,14,12,33.29999924
2.944482672,33.125,6.075860708,33.79999924,2.766669989,4.633329868,26.26670074,0.856481016,7.939330101,0.742999971,10,54,36,11,32.90000153
3.043362278,33.875,7.080435882,34.70000076,2.466670036,4.366670132,26.86669922,0.864930987,8.393659592,0.522000015,54,22,23,11,33.59999847
2.931457871,33.875,6.476687178,34.20000076,2.799999952,4.699999809,25.89999962,0.822229028,8.076769829,0.688000023,20,15,65,11,32.5
3.000434077,33.375,6.487575279,33.79999924,2.766669989,4.633329868,26.26670074,0.856481016,7.939330101,0.734000027,11,40,48,11,32.90000153
2.830588669,33.875,5.982420948,33.5,2.833329916,4.666669846,26.13330078,0.800378978,7.906589985,0.676999986,34,17,49,11,32.70000076
3.014520539,34.125,7.240870009,34.79999924,2.5,4.266670227,26.86669922,0.798246026,8.618570328,0.518000007,50,19,30,11,33.59999847
2.966610987,32.375,6.206449684,32.70000076,2.866669893,4.599999905,26.93330002,0.821676016,7.496520042,0.676999986,13,17,70,12,33.5
3.053078443,33.125,6.917224571,34.09999847,2.700000048,4.633329868,26.73329926,0.892858982,8.032250404,0.740999997,13,19,69,11,33.5
3.056904851,33.125,7.024313435,34,2.5,4.533329964,26.9666996,0.919321001,8.069299698,0.488999993,50,19,30,11,33.59999847
2.999130541,32.875,6.590778547,32.90000153,2.666670084,4.666669846,27.0333004,0.929443002,7.654349804,0.629999995,20,43,37,12,33.59999847
2.947433722,31.625,5.787914369,30.5,2.900000095,4.800000191,26.9666996,0.88261801,6.966589928,0.781000018,13,17,70,12,33.20000076
3.051152522,33.625,7.215168706,34.79999924,2.633330107,4.566669941,26.60000038,0.867947996,8.314430237,0.536000013,50,19,30,11,33.40000153
2.888179494,33.875,5.712911378,33.29999924,2.833329916,4.666669846,26.16670036,0.772050023,7.808129787,0.754000008,15,39,45,11,32.79999924
2.84509804,33.875,6.219086819,33.5,2.833329916,4.666669846,26.13330078,0.800378978,7.906589985,0.676999986,34,17,49,11,32.70000076
3.003891166,33.375,6.265970006,33.79999924,2.766669989,4.633329868,26.26670074,0.856481016,7.939330101,0.742999971,11,40,48,11,32.90000153
2.951823035,33.125,5.857277603,33.09999847,2.833329916,4.733329773,26.20000076,0.838288009,7.833280087,0.700999975,12,46,42,11,32.59999847
2.994317153,34.375,6.850194923,35.40000153,2.733330011,4.699999809,25.83329964,0.88775301,8.302729607,0.70599997,13,18,69,9,32.79999924
3.01494035,34.375,6.716594917,35,2.666670084,4.466670036,26.43330002,0.825722992,8.470600128,0.524999976,33,15,51,11,33.40000153
3.060320029,32.875,6.884242547,32.90000153,2.666670084,4.666669846,27.0333004,0.929443002,7.654349804,0.629999995,20,43,37,12,33.59999847
3.051923916,33.625,7.108785396,34.70000076,2.466670036,4.366670132,26.86669922,0.864930987,8.393659592,0.522000015,33,15,51,11,33.59999847
3.051538391,33.875,7.060687153,34.79999924,2.633330107,4.566669941,26.60000038,0.867947996,8.314430237,0.632000029,50,19,30,11,33.40000153
3.033021445,34.625,6.34517899,34.70000076,2.799999952,4.633329868,26.23329926,0.818489015,8.401780128,0.671999991,13,22,66,11,33
2.945468585,34.625,6.804229554,34.59999847,2.733330011,4.5,26.70000076,0.80151403,8.522109985,0.523999989,54,22,23,11,33.40000153
2.979548375,32.375,6.351041432,32,2.666670084,4.599999905,27,0.904533982,7.32269001,0.713,13,17,70,12,33.5
3.046885191,33.375,7.311306859,34,2.5,4.533329964,26.9666996,0.919321001,8.069299698,0.518000007,54,22,23,11,33.59999847
2.964730921,33.625,6.229839971,34.20000076,2.799999952,4.699999809,25.89999962,0.822229028,8.076769829,0.734000027,13,20,67,11,32.5
2.978180517,34.125,6.152641142,35.40000153,2.733330011,4.699999809,25.83329964,0.88775301,8.302729607,0.735000014,11,40,48,9,32.79999924
3.012415375,32.875,7.164704551,33.40000153,2.733330011,4.733329773,26.89999962,0.938526988,7.745319843,0.707000017,13,17,70,12,33.5
2.969881644,36.125,6.567515231,36.79999924,2.866669893,4.199999809,24.79999924,0.606779993,8.836990356,0.74000001,13,17,70,9,32.09999847
2.967547976,35.375,5.410950916,35.20000076,2.866669893,4.466670036,25.29999924,0.730297029,8.569660187,0.731999993,12,35,53,9,32.09999847
2.973127854,35.875,7.1478137,35.59999847,2.733330011,4.199999809,25.73329926,0.668103993,8.80671978,0.569999993,13,17,70,9,32.59999847
2.923244019,36.125,6.790210053,36.70000076,2.733330011,4.066669941,25.73329926,0.590068996,8.983550072,0.610000014,13,17,70,9,32.90000153
2.913813852,35.125,6.749095374,35.09999847,2.833329916,4.400000095,25.76670074,0.731540978,8.6416502,0.736000001,13,18,69,9,32.5
2.944482672,35.125,5.653311908,34.40000153,3.066669941,4.466670036,24.29999924,0.645439029,8.186220169,0.773000002,15,23,62,9,31.20000076
2.976349979,35.875,6.823923485,35.40000153,2.799999952,4.300000191,25.23329926,0.659889996,8.735329628,0.639999986,12,35,53,9,31.89999962
2.915399835,35.125,5.185185054,35.59999847,3,4.5,24.20000076,0.670764029,8.370129585,0.765999973,13,17,70,9,31.5
2.942008053,35.125,6.344179398,35.20000076,2.866669893,4.466670036,25.29999924,0.730297029,8.569660187,0.763000011,10,56,34,9,32.09999847
2.903089987,35.125,5.46362427,35.90000153,2.900000095,4.566669941,24.86669922,0.730919003,8.491640091,0.759000003,13,41,47,9,32.09999847
2.971739591,35.625,7.21656039,35.59999847,2.733330011,4.199999809,25.73329926,0.668103993,8.80671978,0.584999979,13,18,69,9,32.59999847
2.92890769,35.625,5.610238437,36.20000076,2.900000095,4.400000095,24.79999924,0.672118008,8.643170357,0.721000016,13,26,61,9,32
2.976808337,36.375,6.563276468,36.70000076,2.733330011,4.066669941,25.73329926,0.590068996,8.983550072,0.671999991,13,21,66,9,32.90000153
2.962369336,35.875,6.901322072,35.5,2.566669941,4.099999905,25.89999962,0.66940701,8.745710373,0.597000003,47,22,31,9,32.90000153
2.926856709,35.125,5.840975069,35.09999847,3,4.5,24.36669922,0.656898022,8.361650467,0.68900001,17,16,67,9,31.39999962
2.899273187,35.125,5.68495751,35.20000076,2.866669893,4.466670036,25.29999924,0.730297029,8.569660187,0.722000003,16,46,38,9,32.09999847
2.958085849,35.625,6.902965761,35.40000153,2.799999952,4.300000191,25.23329926,0.659889996,8.735329628,0.690999985,13,17,70,9,31.89999962
2.944482672,36.375,5.805646278,36.70000076,2.733330011,4.066669941,25.73329926,0.590068996,8.983550072,0.615999997,13,17,70,9,32.90000153
2.938519725,35.875,5.41676695,35.29999924,3.033329964,4.266670227,24.39999962,0.539359987,8.364109993,0.665000021,15,16,68,9,31.5
2.890979597,35.125,6.438895337,35,2.700000048,4.400000095,26.43330002,0.793533981,8.677289963,0.56400001,13,17,70,11,33.09999847
2.962369336,35.375,6.860550789,35,2.700000048,4.400000095,26.43330002,0.793533981,8.677289963,0.606000006,13,18,69,11,33.09999847
2.924279286,36.375,5.276698419,36.70000076,2.799999952,4.099999905,25.39999962,0.571017027,8.941269875,0.713,16,24,60,9,32.59999847
2.830588669,32.375,6.29293822,36.90000153,0.400000006,1.799999952,26.93330002,0.637467027,7.925030231,0.202999994,3,92,5,10,35.09999847
2.827369273,35.875,4.437322397,40.40000153,0.433333009,2.400000095,25.5333004,0.853290975,9.190159798,0.351999998,17,48,35,9,34.20000076
3.019946682,28.875,3.865044722,31.39999962,1,2.433330059,29.5,0.782140017,6.932549953,0.405999988,17,57,26,12,36.20000076
2.868644438,29.875,5.723169058,29.79999924,2.266669989,3.433330059,28.39999962,0.766880989,6.641670227,0.55400002,56,22,23,12,35
2.845718018,34.125,6.728333812,38.20000076,0.366667002,2.266669989,24.86669922,0.824024022,8.31400013,0.210999995,18,43,39,9,33.20000076
2.785329835,33.625,5.651614268,39.5,0.766667008,2.366669893,28.26670074,0.820707023,9.132060051,0.30399999,37,29,34,9,36.29999924
2.910624405,28.375,6.042899833,29.39999962,1.366670012,2.966670036,28.43330002,0.896795988,6.299709797,0.488000005,25,53,22,12,34.90000153
2.835056102,31.125,5.654034001,35.29999924,1.566669941,2.866669893,28.66670036,0.669463992,8.005689621,0.469000012,40,29,31,12,36.09999847
3.085647288,29.375,4.540592225,31.79999924,1.133329988,2.566669941,29.29999924,0.733609021,7.12364006,0.469999999,51,17,31,12,35.90000153
2.729974286,32.625,6.06378881,37.59999847,0.533333004,2.033329964,27.23329926,0.716630995,8.362380028,0.259000003,50,26,24,9,35.09999847
2.865103975,29.125,5.730161065,25.10000038,2.033329964,3.700000048,28.06669998,0.824437022,6.295499802,0.542999983,45,27,28,12,32.40000153
3.029383778,30.625,6.034108837,32.59999847,2.299999952,3.433330059,28.5,0.726553023,7.287660122,0.542999983,10,59,31,12,35.79999924
2.797267541,34.375,6.359259328,38.70000076,0.533333004,2.233330011,25.86669922,0.812216997,8.719499588,0.257999986,36,31,33,9,33.90000153
3.058805487,30.375,6.20195643,31.89999962,2.200000048,3.400000095,28.66670036,0.801276982,7.090879917,0.524999976,10,59,31,12,36
2.770115295,29.875,5.534789894,32.79999924,1.733330011,3.333329916,28.43330002,0.891372979,7.163980007,0.536000013,44,13,43,12,35.79999924
2.860936621,28.625,6.112705856,28.20000076,1.633329988,3.400000095,28.39999962,1.02986002,6.303009987,0.317000002,43,38,19,12,34.29999924
2.860338007,26.125,6.964907853,26,0.866666973,2.833329916,29.10000038,1.034700036,5.48691988,0.361999989,55,20,25,12,35.09999847
2.881384657,35.375,5.79798523,39.70000076,0.5,2.433330059,25.20000076,0.857189,8.957099915,0.291000009,35,12,53,9,33.79999924
2.910090546,34.625,6.897674696,38.70000076,0.433333009,2.400000095,24.86669922,0.834302008,8.578669548,0.264999986,36,31,33,9,33.29999924
2.755112266,34.375,6.424098875,40,0.633333027,2.366669893,27.5,0.847455978,9.196820259,0.349999994,37,29,34,9,35.59999847
2.851258349,33.625,6.994398812,37.59999847,0.400000006,2.166670084,25,0.786053002,8.13792038,0.275999993,11,59,30,9,33.20000076
2.73239376,31.875,4.589782103,36.90000153,0.699999988,2.099999905,27.20000076,0.712816,8.005889893,0.268999994,29,23,48,10,35.40000153
2.662757832,31.875,5.452392184,36,1.100000024,2.599999905,27.63330078,0.736495018,8.003749847,0.374000013,50,21,29,11,35.09999847
2.783903579,33.125,5.640228936,36.29999924,1.833330035,3.466670036,28.10000038,0.846741021,8.54831028,0.465999991,52,15,32,11,35.40000153
2.791690649,34.875,6.437730591,40.29999924,0.600000024,2.5,27.26670074,0.881458998,9.264639854,0.381999999,4,89,8,9,35.59999847
2.865103975,29.625,5.242700409,30.89999962,2.166670084,3.400000095,28.39999962,0.811424017,6.734350204,0.583000004,5,86,8,12,35.59999847
2.691965103,31.375,6.294568946,35.70000076,0.93333298,2.266669989,27.13330078,0.732989013,7.69712019,0.328000009,34,27,39,11,34.90000153
2.627365857,34.125,6.385532813,40,0.633333027,2.366669893,27.5,0.847455978,9.196820259,0.379000008,4,89,8,9,35.59999847
2.866287339,33.625,7.153593912,38,0.5,2.133330107,26.06669998,0.794870019,8.590740204,0.25,30,36,34,9,33.79999924
2.799340549,32.625,7.319964884,37.40000153,0.466666996,1.933330059,27.06669998,0.703239024,8.285949707,0.177000001,10,58,32,9,34.90000153
2.918030337,34.875,6.336712232,38.59999847,0.400000006,2.366669893,24.70000076,0.840273976,8.467909813,0.186000004,35,31,33,9,33.20000076
2.743509765,33.375,5.043417298,35.90000153,2.400000095,3.766669989,27.16670036,0.802080989,8.399720192,0.584999979,19,48,33,11,34.5
2.720159303,33.625,6.229978607,38.79999924,0.533333004,2.166670084,27.06669998,0.806178987,8.815309525,0.368000001,8,68,23,9,35
2.847572659,34.875,6.060390704,40,0.533333004,2.366669893,26.89999962,0.841489971,9.105460167,0.404000014,4,89,8,9,35.20000076
2.804139432,32.375,6.45080748,35.29999924,1.933330059,3.266669989,28.26670074,0.778255999,8.193909645,0.519999981,52,15,32,12,35.59999847
3.029789471,31.875,5.907575265,37.29999924,0.233333007,1.299999952,27.26670074,0.435802996,8.064889908,0.136000007,4,88,8,10,36
2.830588669,31.375,5.981194568,34.20000076,1.966670036,3.166670084,28.60000038,0.717477024,7.756989956,0.513000011,37,33,30,12,36.20000076
2.646403726,32.875,6.698693618,37.20000076,0.733332992,2.333329916,27.66670036,0.78175199,8.446029663,0.284000009,19,42,39,10,35.29999924
2.872156273,34.125,7.116872059,38.70000076,0.533333004,2.233330011,25.86669922,0.812216997,8.719499588,0.268000007,36,31,33,9,33.90000153
2.689308859,33.875,6.074092013,39.5,0.766667008,2.366669893,28.26670074,0.820707023,9.132060051,0.347000003,37,29,34,9,36.29999924
2.872156273,29.625,6.754094031,28.79999924,2.366669893,3.5,28.13330078,0.732161999,6.563000202,0.504999995,56,22,23,12,34.09999847
2.998695158,28.875,5.499970106,31.79999924,0.733332992,2.233330011,30.23329926,0.799004972,7.131659985,0.40200001,6,80,14,12,36.90000153
2.938519725,32.875,7.428622097,36.90000153,0.400000006,2,26.5,0.713931024,7.903100014,0.216999993,3,92,5,10,34.70000076
2.916453949,33.125,6.363107266,37.79999924,0.533333004,2.066669941,27.0333004,0.738703012,8.551819801,0.254999995,53,23,24,9,34.70000076
2.664641976,31.875,6.750610824,36.79999924,0.5,1.833330035,27.29999924,0.648541987,8.029760361,0.165000007,33,15,53,10,35.40000153
2.825426118,28.625,5.311764453,29.20000076,1.566669941,3.200000048,28.26670074,0.946605027,6.395800114,0.479000002,15,54,31,12,34.59999847
2.88422877,35.375,5.37044832,40,0.56666702,2.466670036,25.93330002,0.834846973,9.105429649,0.398000002,17,48,35,9,34.40000153
2.931966115,34.125,7.3452719,38.20000076,0.466666996,2.299999952,25.36669922,0.824989021,8.55753994,0.284999996,35,31,33,9,33.40000153
2.729974286,34.625,6.783901079,40,0.533333004,2.366669893,26.89999962,0.841489971,9.105460167,0.328999996,24,41,35,9,35.20000076
2.932980822,34.375,5.96034185,40.70000076,0.699999988,2.466670036,27.89999962,0.867030978,9.38313961,0.389999986,8,76,17,9,36.20000076
2.873320602,35.875,5.122461636,39.59999847,0.333332986,2.166670084,25,0.784316003,8.804759979,0.259000003,10,63,27,9,33.70000076
2.737192643,33.125,6.785055431,38.09999847,0.866666973,2.466670036,28.26670074,0.798246026,8.832220078,0.284000009,37,29,34,10,35.79999924
2.909556029,29.875,4.663644397,32.79999924,1.733330011,3.333329916,28.43330002,0.891372979,7.163980007,0.483999997,51,17,31,12,35.79999924
2.941511433,26.125,7.011545831,27.10000038,0.733332992,2.066669941,29.33329964,0.746303976,5.64508009,0.372000009,54,18,28,12,35.90000153
2.870988814,31.875,6.462102877,35.40000153,1.600000024,3.066669941,28.86669922,0.743864,8.213350296,0.501999974,55,20,25,12,36.20000076
2.872738827,33.625,7.122761304,37.29999924,0.400000006,2.166670084,25.23329926,0.793533981,8.265099525,0.256000012,11,59,30,9,33.09999847
2.758154622,31.375,5.603815332,32.5,2.733330011,3.666670084,27.73329926,0.558339,7.320059776,0.684000015,10,60,30,12,34.70000076
2.58546073,32.125,6.851457711,37.40000153,0.533333004,1.966670036,27.56669998,0.703831017,8.244480133,0.245000005,22,37,40,10,35.59999847
3.046885191,31.375,5.996484966,36.5,0.333332986,1.866670012,25.83329964,0.644499004,7.652150154,0.122000001,25,31,45,9,34.59999847
2.712649702,33.125,5.535024343,36.5,2.133330107,3.666670084,27.39999962,0.862694979,8.539649963,0.579999983,57,23,21,11,34.90000153
2.812244697,28.875,6.397046528,28.20000076,1.633329988,3.400000095,28.39999962,1.02986002,6.303009987,0.513000011,39,40,21,12,34.29999924
2.872738827,27.625,6.21596653,29.89999962,1.033329964,2.799999952,28.9666996,0.983038008,6.247779846,0.428000003,14,54,32,12,35.79999924
2.696356389,32.875,6.765791674,36.70000076,0.899999976,2.466670036,28.23329926,0.756136,8.535220146,0.261000007,35,33,32,11,35.5
2.880813592,28.875,5.281131129,30.39999962,1.466670036,2.933330059,28.20000076,0.825125992,6.539589882,0.442000002,31,49,21,12,34.90000153
2.802089258,33.125,5.631961975,38.20000076,0.56666702,2.233330011,27.29999924,0.800521016,8.631489754,0.414999992,10,58,33,9,35.09999847
2.658964843,33.625,5.69068328,38.79999924,0.533333004,2.166670084,27.06669998,0.806178987,8.815309525,0.368000001,8,68,23,9,35
2.903089987,29.375,4.940182667,32.09999847,0.633333027,1.966670036,29.56669998,0.705981016,7.220940113,0.331999987,25,35,40,12,36.29999924
2.802089258,27.375,6.411165142,27.29999924,1.100000024,3.033329964,29,1.053850055,5.86232996,0.488999993,8,79,14,12,35.09999847
2.854306042,33.625,6.338997829,39.5,0.766667008,2.366669893,28.26670074,0.820707023,9.132060051,0.307999998,18,49,32,9,36.29999924
2.8162413,33.625,5.547043294,36.59999847,2.299999952,3.933330059,27.16670036,0.853290975,8.567520142,0.578000009,56,21,23,10,34.59999847
2.904174368,34.125,7.169878927,38,0.400000006,2.299999952,25.06669998,0.828288019,8.420980453,0.280000001,4,89,8,9,33.20000076
2.911690159,28.375,4.595804748,31.5,0.800000012,2.366669893,30.13330078,0.793677986,6.894060135,0.351999998,45,34,21,12,37
2.7084209,31.625,5.584012172,35.40000153,1.933330059,3.200000048,28.43330002,0.753325999,8.034029961,0.582000017,19,48,33,12,36.20000076
2.882524538,28.375,5.642886738,30.5,1.133329988,2.733330011,28.9666996,0.881587982,6.484729767,0.472000003,24,51,24,12,35.79999924
2.892094603,33.625,7.221232918,37.59999847,0.433333009,2.133330107,25.66670036,0.790857017,8.456959724,0.27700001,19,46,35,9,33.29999924
2.77524626,33.125,7.176751926,37.20000076,0.433333009,2.066669941,26.06669998,0.760930002,8.297320366,0.214000002,11,59,30,9,33.79999924
2.660865478,31.125,5.473641683,35.90000153,1.100000024,2.466670036,27.33329964,0.694131017,7.800519943,0.375,56,23,21,11,35
2.834420704,31.625,6.053515593,35.40000153,1.600000024,3.066669941,28.86669922,0.743864,8.213350296,0.532000005,46,19,35,12,36.20000076
2.582063363,32.875,6.919932236,37.40000153,0.466666996,1.933330059,27.06669998,0.703239024,8.285949707,0.225999996,10,58,32,9,34.90000153
2.846337112,28.875,6.527750378,28.20000076,1.633329988,3.400000095,28.39999962,1.02986002,6.303009987,0.549000025,11,58,31,12,34.29999924
3.100715087,29.375,5.834905596,31.29999924,0.800000012,2.166670084,29.63330078,0.717741013,7.110489845,0.456,44,26,31,12,36.09999847
2.5132176,31.875,6.24141971,36.90000153,0.400000006,1.733330011,27.43330002,0.608774006,8.037090302,0.164000005,10,58,32,10,35.59999847
2.84509804,30.875,6.073721649,34,1.666669965,2.966670036,27.93330002,0.701080978,7.644030094,0.474000007,40,28,32,12,35.29999924
2.6599162,32.375,6.537073987,37.09999847,0.666666985,2.133330107,27.16670036,0.721687973,8.186180115,0.252000004,19,50,31,10,35.09999847
2.95616843,35.875,4.603263489,40.29999924,0.400000006,2.366669893,25.29999924,0.851158023,9.092399597,0.266000003,34,19,47,8,34
2.725911632,34.125,6.164505427,39.40000153,0.533333004,2.266669989,27.0333004,0.841130018,8.986399651,0.347000003,24,41,35,9,35.09999847
2.710963119,32.125,6.252258441,35,2.033329964,3.433330059,28.06669998,0.786774993,8.088879585,0.504999995,55,22,23,12,35.40000153
2.631443769,32.375,6.484546534,36.59999847,0.800000012,2.333329916,26.76670074,0.74969703,8.090749741,0.381000012,35,32,33,10,34.5
2.974511693,34.625,6.876013524,38.59999847,0.400000006,2.366669893,24.70000076,0.840273976,8.467909813,0.218999997,30,36,34,9,33.20000076
3.032618761,30.875,5.856952926,36.40000153,0.433333009,1.766669989,27.56669998,0.612001002,7.799240112,0.129999995,34,13,53,11,35.90000153
2.836324116,35.875,4.016991578,40.29999924,0.400000006,2.366669893,25.29999924,0.851158023,9.092399597,0.266000003,34,19,47,8,34
2.919601024,35.125,5.281880665,39.40000153,0.400000006,2.5,25.13330078,0.90298301,8.885479927,0.26699999,35,12,53,9,33.70000076
2.813580989,31.375,6.31940028,36.20000076,0.466666996,1.866670012,27.26670074,0.653661013,7.872719765,0.138999999,22,37,40,11,35.29999924
2.736396502,33.625,5.73777926,36,2.566669941,4,26.93330002,0.778644979,8.439660072,0.665000021,14,47,39,11,34.20000076
2.824125834,31.375,6.146914637,37.20000076,0.333332986,1.799999952,28.33329964,0.659832001,8.01140976,0.097999997,27,27,46,11,36.90000153
2.86569606,28.375,6.432258935,28,1.433330059,3.266669989,28.43330002,1.019799948,6.167280197,0.533999979,52,26,21,12,34.40000153
2.966141733,30.875,6.365519245,33.20000076,2,3.200000048,28.76670074,0.753576994,7.476610184,0.583000004,9,74,17,12,36.20000076
2.755874856,31.875,6.486442523,36.20000076,0.93333298,2.333329916,27.4666996,0.746456027,7.889180183,0.340000004,33,33,34,11,35
2.667452953,30.875,5.756559282,34.79999924,0.833333015,2.133330107,26.76670074,0.692108989,7.50301981,0.331999987,32,29,39,11,34.59999847
2.657055853,32.625,6.579009978,37.5,0.633333027,2.166670084,27.26670074,0.748736024,8.404379845,0.266000003,26,38,36,9,35.09999847
2.903089987,32.625,5.046908581,36.90000153,1.200000048,2.666670084,28.20000076,0.763763011,8.550439835,0.451000005,39,20,40,11,35.59999847
2.963787827,36.375,3.215108581,41.20000076,0.333332986,2.266669989,25.06669998,0.824989021,9.263660431,0.286000013,22,44,34,7,34
2.830588669,26.375,6.022835254,28.5,0.633333027,2.299999952,30.16670036,0.871214986,5.992139816,0.356999993,20,29,51,12,37
2.556302501,33.125,5.780332437,38.09999847,0.733332992,2.366669893,27.43330002,0.794440985,8.696129799,0.323000014,35,29,36,9,35.20000076
2.904174368,34.875,6.921274819,38.90000153,0.466666996,2.400000095,25.23329926,0.851158023,8.706620216,0.32100001,26,35,39,9,33.59999847
2.624282096,32.375,5.971068396,36,0.866666973,2.366669893,27.73329926,0.728790998,8.183110237,0.344999999,35,33,32,11,35
2.833147112,33.125,7.197947481,36.90000153,0.466666996,2.066669941,25.5333004,0.736236989,8.08355999,0.236000001,3,92,5,9,33.40000153
2.655138435,33.125,5.311775046,37.90000153,1.066669941,2.633330107,28.20000076,0.799004972,8.805310249,0.419,51,19,30,10,35.79999924
2.793790385,31.375,6.824660917,35.90000153,0.800000012,2.200000048,27.16670036,0.759186029,7.753880024,0.228,35,15,50,11,35.20000076
2.752048448,30.375,5.520233234,32.29999924,1.666669965,3.066669941,28.39999962,0.788938999,7.368169785,0.504999995,41,28,31,12,35.29999924
3.010299957,31.375,5.9819721,36.29999924,0.433333009,1.866670012,26.93330002,0.640253007,7.844089985,0.128999993,33,15,53,10,35.09999847
3.11991541,29.375,6.320950129,31.60000038,0.633333027,2,29.79999924,0.718743026,7.201179981,0.412999988,44,26,31,12,36.29999924
2.810232518,28.875,6.085963445,28.20000076,1.633329988,3.400000095,28.39999962,1.02986002,6.303009987,0.549000025,11,58,31,12,34.29999924
2.864511081,29.875,6.814014666,29.79999924,2.266669989,3.433330059,28.39999962,0.766880989,6.641670227,0.55400002,56,22,23,12,35
2.716003344,35.375,5.542796805,40.29999924,0.600000024,2.633330107,26.5333004,0.908670008,9.217579842,0.419999987,5,84,11,9,35
2.462397998,33.875,5.906738436,38.70000076,1.066669941,2.833329916,28.36669922,0.837881982,8.99917984,0.442000002,17,30,54,10,36.29999924
2.645422269,34.125,6.518057823,40,0.800000012,2.633330107,28.23329926,0.908379018,9.262869835,0.388000011,34,32,34,9,36.40000153
2.929418926,26.375,7.071352471,26,0.866666973,2.833329916,29.10000038,1.034700036,5.48691988,0.428000003,41,33,26,12,35.09999847
2.881384657,30.625,6.517947672,34,1.666669965,2.966670036,27.93330002,0.701080978,7.644030094,0.486000001,46,19,35,12,35.29999924
2.99343623,29.125,4.696356389,31.89999962,1.399999976,2.933330059,28.9666996,0.798246026,7.056439877,0.412,28,45,27,12,35.70000076
2.890421019,33.125,6.871312222,36.90000153,0.433333009,2.099999905,25.26670074,0.754180014,7.924890041,0.216000006,3,92,5,9,33.40000153
2.602059991,33.125,5.345322749,37.90000153,1.166669965,2.900000095,28.23329926,0.808290005,8.788990021,0.499000013,15,55,29,10,35.90000153
3.019946682,28.875,5.987438782,32.09999847,0.666666985,2.166670084,30.5333004,0.790234029,7.239970207,0.372999996,36,35,29,12,37.29999924
3.103119254,33.125,6.996117432,33.79999924,2.700000048,4.400000095,27,0.776939988,7.999770164,0.722000003,13,17,70,11,33.70000076
3.089198367,33.375,6.899156246,33.90000153,2.5,4.466670036,27.06669998,0.905873001,8.046019554,0.507000029,45,17,38,11,33.70000076
3.02325246,36.375,6.611892745,36.90000153,2.700000048,4.099999905,25.93330002,0.638179004,9.026670456,0.65200001,13,23,65,9,33.20000076
3.072249898,35.875,7.139507165,36.29999924,2.533329964,4.166669846,26.36669922,0.715362012,8.898460388,0.513999999,13,18,69,9,33.5
3.05422991,35.125,6.991417256,34.79999924,2.666670084,4.300000191,26.73329926,0.738344014,8.68295002,0.492000014,46,14,40,11,33.40000153
3.090610708,33.875,6.986498087,34.70000076,2.5,4.333330154,26.9666996,0.847276986,8.353380203,0.531000018,45,17,38,11,33.70000076
3.089551883,33.625,6.369075524,34.5,2.766669989,4.266670227,26.83329964,0.726709008,8.240969658,0.666999996,13,17,70,11,33.59999847
3.005609445,36.125,6.328359825,37.20000076,2.666670084,4.166669846,26.10000038,0.680018008,9.054280281,0.65200001,13,23,65,9,33.59999847
3.039810554,34.125,6.8801683,35.09999847,2.900000095,4.199999809,26.83329964,0.640253007,8.474490166,0.572000027,45,17,38,11,33.59999847
3.027349608,34.875,6.51984938,35.29999924,2.700000048,4.333330154,26.63330078,0.736648977,8.721699715,0.541000009,13,17,70,11,33.5
3.080987047,33.875,6.700783734,34.5,2.766669989,4.266670227,26.83329964,0.726709008,8.240969658,0.518000007,45,17,38,11,33.59999847
3.084933575,34.875,6.431702543,35.70000076,2.866669893,4.233329773,26.79999924,0.635978997,8.690569878,0.58099997,13,17,70,11,33.70000076
3.008600172,35.875,7.378255469,35.70000076,2.633330107,4.066669941,26.23329926,0.641198993,8.796330452,0.453999996,36,31,33,9,33.20000076
3.023663918,34.625,6.396714439,35.90000153,2.766669989,4.300000191,26.56669998,0.68550998,8.771630287,0.566999972,13,17,70,10,33.59999847
3.003891166,34.375,7.108687955,34.79999924,2.5,4.266670227,26.86669922,0.798246026,8.618570328,0.518000007,46,14,40,11,33.59999847
3.037824751,35.625,6.758222603,36.29999924,2.533329964,4.166669846,26.36669922,0.715362012,8.898460388,0.492000014,21,27,51,9,33.5
3.092720645,35.125,6.044312755,36.20000076,2.866669893,4.233329773,26.4666996,0.66940701,8.817839622,0.549000025,19,18,63,9,33.59999847
2.77524626,31.625,6.502278233,32.20000076,2.366669893,4.300000191,26.60000038,0.807305992,6.827859879,0.614000022,6,80,14,12,33.79999924
2.822821645,31.375,6.074938158,32.09999847,2.366669893,4.566669941,26.56669998,0.903864026,6.664209843,0.649999976,6,80,14,12,33.90000153
2.639486489,31.625,6.052797022,32.20000076,2.366669893,4.300000191,26.60000038,0.807305992,6.827859879,0.614000022,6,80,14,12,33.79999924
2.997386384,31.375,6.568823845,31.60000038,2.5,4.5,26.4666996,0.95389998,6.840030193,0.625,4,88,8,12,33.20000076
3.054995862,34.125,5.230354388,32.70000076,3.033329964,4.699999809,24.4666996,0.694730997,7.746960163,0.722000003,16,34,50,9,30.79999924
2.564666064,31.625,6.027078344,32.5,2.299999952,4.166669846,26.26670074,0.847276986,6.985760212,0.589999974,6,79,14,12,33.29999924
2.717670503,31.125,6.582611683,31.70000076,2.366669893,4.433330059,26.5,0.894258022,6.663259983,0.639999986,6,79,14,12,33.59999847
2.691081492,32.375,6.311332285,32.40000153,2.233330011,3.799999952,26.79999924,0.693421006,7.184430122,0.623000026,7,78,15,12,33.70000076
2.764176132,30.875,6.826973575,30.5,2.533329964,4.766670227,26.86669922,0.99220401,6.452670097,0.633000016,6,79,14,12,33.5
2.742725131,32.375,6.61935915,31.20000076,2.266669989,4.400000095,26.5333004,0.852225006,6.807750225,0.582000017,7,78,15,12,33.29999924
2.877371346,33.125,6.619947507,33.29999924,2.366669893,3.866669893,25.86669922,0.587754011,7.432159901,0.725000024,6,81,13,11,33
2.903632516,31.625,6.47501533,31.70000076,2.5,4.633329868,26.39999962,0.889671028,7.020420074,0.629999995,7,72,20,12,33.09999847
2.598790507,32.375,6.114154101,31.89999962,2.299999952,4,26.43330002,0.71153897,6.920909882,0.629000008,6,82,12,12,33.5
2.872738827,31.625,5.737662476,31.70000076,2.5,4.633329868,26.39999962,0.889671028,7.020420074,0.640999973,7,72,20,12,33.09999847
2.815577748,31.625,6.383961602,32.40000153,2.266669989,4.166669846,26.5333004,0.807305992,6.890490055,0.619000018,6,80,14,12,33.79999924
2.984977126,31.125,7.005347032,31.79999924,2.366669893,4.400000095,26.36669922,0.927811027,6.769909859,0.601000011,6,79,14,12,33.29999924
3.037824751,31.125,6.525843822,31.70000076,2.366669893,4.433330059,26.5,0.894258022,6.663259983,0.582000017,7,76,17,12,33.59999847
2.73239376,31.875,6.768492622,32.5,2.299999952,4.166669846,26.26670074,0.847276986,6.985760212,0.597000003,6,79,14,12,33.29999924
2.753583059,32.125,6.267298946,32.40000153,2.233330011,3.799999952,26.79999924,0.693421006,7.184430122,0.667999983,7,78,15,12,33.70000076
2.758911892,32.125,6.97322482,33.09999847,2.266669989,4.033329964,26.66670036,0.729050994,7.205989838,0.578999996,7,72,20,12,33.79999924
2.937517892,31.375,6.634337991,31,2.599999905,4.666669846,26.56669998,0.890863001,6.837039948,0.624000013,7,72,20,12,33.09999847
2.982271233,32.375,5.444436734,29.89999962,2.133330107,5.166669846,26.86669922,1.210899949,6.753719807,0.675999999,7,76,17,12,32.90000153
2.930949031,34.125,5.186826423,33.40000153,2.900000095,4.099999905,25.43330002,0.501739025,7.597529888,0.736000001,18,57,25,11,32.5
2.646403726,32.625,6.208141601,32.5,2.299999952,3.766669989,26.23329926,0.637229025,7.052330017,0.660000026,6,82,12,12,33.40000153
2.922725458,32.125,5.740438487,31.20000076,2.266669989,4.400000095,26.5333004,0.852225006,6.807750225,0.625,7,78,15,12,33.29999924
2.739572344,33.125,4.629480956,33.29999924,2.366669893,3.866669893,25.86669922,0.587754011,7.432159901,0.704999983,6,81,13,11,33
2.923761961,30.875,6.426069911,30.29999924,2.833329916,5.133329868,26.70000076,1.032060027,6.574669838,0.677999973,7,78,15,12,33
2.807535028,32.625,6.128840771,32.20000076,2.233330011,4,26.5,0.689477026,7.293139935,0.681999981,6,81,13,12,33.20000076
2.621176282,31.625,6.585150747,32.29999924,2.266669989,4.033329964,26.4666996,0.808852017,6.940849781,0.577000022,6,79,14,12,33.59999847
2.915399835,31.875,6.238505008,32.40000153,2.266669989,4.166669846,26.5333004,0.807305992,6.890490055,0.606999993,6,79,14,12,33.79999924
2.78604121,33.125,6.090019143,33,2.400000095,3.733330011,25.86669922,0.567490995,7.31167984,0.66900003,7,72,20,11,32.90000153
2.836324116,32.875,6.251390955,31.89999962,2.299999952,4.133329868,26.33329964,0.755384982,6.901579857,0.672999978,8,71,21,12,33.40000153
2.857332496,32.625,5.612341923,32.90000153,2.299999952,3.766669989,26.13330078,0.617116988,7.231289864,0.683000028,6,82,12,12,33.40000153
2.73239376,31.125,5.918489565,31.70000076,2.366669893,4.433330059,26.5,0.894258022,6.663259983,0.639999986,6,79,14,12,33.59999847
2.611723308,32.375,6.121281386,32.29999924,2.233330011,3.833329916,26.5333004,0.701242983,7.049409866,0.698000014,6,82,12,12,33.59999847
2.81756537,31.625,6.501241573,32.40000153,2.366669893,4.433330059,26.43330002,0.893876016,7.04406023,0.620999992,6,81,13,12,33.29999924
2.700703717,30.875,6.052711252,30,2.466670036,4.699999809,26.93330002,0.982074022,6.305039883,0.643999994,7,76,17,12,33.59999847
2.769377326,32.375,6.391378532,32.40000153,2.366669893,4.333330154,26.43330002,0.803919971,7.138179779,0.677999973,7,78,15,12,33.20000076
2.960946196,31.125,6.56773208,31,2.599999905,4.666669846,26.56669998,0.890863001,6.837039948,0.579999983,7,78,15,12,33.09999847
2.92992956,31.125,6.91297114,31.60000038,2.5,4.5,26.4666996,0.95389998,6.840030193,0.602999985,7,78,15,12,33.20000076
2.618048097,32.125,5.377233377,32.29999924,2.233330011,3.833329916,26.5333004,0.701242983,7.049409866,0.694999993,18,43,39,12,33.59999847
2.962369336,32.625,5.727654289,32.20000076,2.233330011,4,26.5,0.689477026,7.293139935,0.670000017,7,72,20,12,33.20000076
2.614897216,31.375,6.177521206,32.40000153,2.366669893,4.766670227,26.70000076,0.972189009,6.68708992,0.66900003,7,76,17,12,34.09999847
2.704150517,32.125,6.486248505,32.40000153,2.233330011,3.799999952,26.79999924,0.693421006,7.184430122,0.643999994,18,43,39,12,33.70000076
2.907948522,31.875,6.125302957,31.70000076,2.5,4.633329868,26.39999962,0.889671028,7.020420074,0.638999999,6,81,13,12,33.09999847
2.823474229,32.625,6.480891025,31.89999962,2.299999952,4.133329868,26.33329964,0.755384982,6.901579857,0.630999982,7,78,15,12,33.40000153
3.030599722,36.375,0,36.90000153,2.700000048,4.099999905,25.93330002,0.638179004,9.026670456,0.453999996,21,27,51,9,33.20000076
3.033423755,36.625,0,37.79999924,2.799999952,4.033329964,25.4666996,0.574389994,9.13986969,0.477999985,23,39,38,9,33.09999847
2.986323777,36.125,0,36.40000153,2.633330107,4.066669941,25.73329926,0.621520996,8.890439987,0.430000007,36,31,33,9,33
3.042181595,36.875,0,37.79999924,2.799999952,4.033329964,25.4666996,0.574389994,9.13986969,0.559000015,13,19,68,9,33.09999847
2.966141733,34.875,0,33.5,2.766669989,4.033329964,25.06669998,0.579707026,7.715099812,0.700999975,9,68,23,9,32
2.978636948,36.125,0,32.29999924,2.5,4.099999905,24.83329964,0.65011698,7.866209984,0.646000028,12,55,33,10,31
2.903089987,34.625,0,33.09999847,2.5,4.566669941,25.66670036,0.878876984,7.730160236,0.691999972,5,84,11,11,32.29999924
2.942008053,36.125,0,32.29999924,2.5,4.099999905,24.83329964,0.65011698,7.866209984,0.546000004,14,40,46,10,31
2.927370363,35.375,0,33.29999924,3.200000048,3.766669989,24.89999962,0.350216001,7.771679878,0.66900003,18,49,33,10,31.70000076
2.912222057,35.125,0,32.29999924,2.666670084,4.666669846,24.89999962,0.827327013,7.560959816,0.691999972,18,44,39,11,31.39999962
2.898176483,35.125,0,33.79999924,2.599999905,4.099999905,25.23329926,0.645907998,7.925159931,0.60799998,5,84,11,9,32
2.974971994,35.875,0,33.79999924,2.766669989,3.433330059,24.63330078,0.342339993,8.054059982,0.713999987,11,56,32,9,31.29999924
2.935003151,34.875,0,31.60000038,2.633330107,5.199999809,25.63330078,1.090839982,7.457210064,0.716000021,5,84,11,12,31.79999924
2.944482672,35.875,0,35,2.599999905,4.033329964,24.86669922,0.588268995,8.038149834,0.605000019,5,84,11,9,32.20000076
2.961895474,36.375,0,32.29999924,2.5,4.099999905,24.83329964,0.65011698,7.866209984,0.657999992,10,60,31,10,31
2.979548375,35.375,0,33.09999847,2.599999905,4.566669941,25.16670036,0.809975982,7.703299999,0.634000003,9,68,23,11,32
2.947433722,36.375,0,35.90000153,2.599999905,3.633330107,24.5333004,0.451512992,8.222820282,0.626999974,5,84,11,9,32
2.903632516,35.375,0,33.79999924,2.599999905,4.099999905,25.23329926,0.645907998,7.925159931,0.634000003,5,84,11,9,32
2.953759692,36.375,0,35.90000153,2.599999905,3.633330107,24.5333004,0.451512992,8.222820282,0.709999979,9,68,23,9,32
2.946943271,34.875,0,33.5,2.5,4.300000191,25.5333004,0.735876977,7.764659882,0.60799998,9,68,23,10,32.40000153
2.969881644,35.625,0,33.79999924,2.766669989,3.299999952,24.63330078,0.287624002,8.013899803,0.663999975,18,49,33,9,31.39999962
2.916453949,35.625,0,35,2.700000048,3.866669893,24.73329926,0.514045,8.059720039,0.616999984,9,68,23,9,32
2.965201701,35.125,0,32.29999924,2.666670084,4.666669846,24.89999962,0.827327013,7.560959816,0.694000006,10,60,30,11,31.39999962
2.954242509,35.375,0,34.09999847,2.633330107,4,24.83329964,0.580165029,7.925159931,0.663999975,6,83,11,9,31.79999924
2.966610987,35.875,0,35,2.599999905,4.033329964,24.86669922,0.588268995,8.038149834,0.605000019,5,84,11,9,32.20000076
2.966141733,35.875,0,33.70000076,2.566669941,4.199999809,24.76670074,0.654298007,7.854519844,0.646000028,5,84,11,9,31.60000038
3.001733713,35.375,0,34,2.733330011,3.933330059,24.73329926,0.524765015,7.922689915,0.755999982,14,21,65,9,31.70000076
2.941014244,35.875,0,35,2.599999905,4.033329964,24.86669922,0.588268995,8.038149834,0.588999987,9,68,23,9,32.20000076
2.978180517,36.375,0,34.29999924,2.566669941,3.900000095,24.70000076,0.54993099,8.071200371,0.639999986,10,60,31,9,31.60000038
2.916453949,35.125,0,30.39999962,2.933330059,4.633329868,25.23329926,0.737317026,7.422629833,0.601999998,9,68,23,12,30.79999924
2.915399835,34.375,0,30.29999924,2.700000048,5.599999905,26,1.277070045,7.23732996,0.64200002,12,59,29,12,31.5
2.941014244,35.625,0,33.70000076,2.566669941,4.199999809,24.76670074,0.654298007,7.854519844,0.626999974,15,32,53,9,31.60000038
2.941014244,34.875,0,34,2.633330107,4.266670227,25.26670074,0.688872993,7.807569981,0.626999974,6,83,11,9,32.40000153
2.968015714,34.625,0,33.5,2.5,4.300000191,25.5333004,0.735876977,7.764659882,0.635999978,9,68,23,10,32.40000153
3.020775488,35.625,0,33.79999924,2.766669989,3.299999952,24.63330078,0.287624002,8.013899803,0.675000012,18,49,33,9,31.39999962
2.959994838,35.375,0,33.29999924,3.200000048,3.766669989,24.89999962,0.350216001,7.771679878,0.721000016,15,52,33,10,31.70000076
2.910624405,35.875,0,35,2.700000048,3.866669893,24.73329926,0.514045,8.059720039,0.633000016,18,49,33,9,32
2.954242509,34.875,0,33.5,2.5,4.300000191,25.5333004,0.735876977,7.764659882,0.626999974,5,84,11,10,32.40000153
2.997386384,35.375,0,33.59999847,2.799999952,3.733330011,25.06669998,0.463436007,7.886060238,0.726999998,14,21,65,10,31.79999924
2.954242509,35.875,0,33.79999924,2.766669989,3.299999952,24.63330078,0.287624002,8.013899803,0.700999975,15,52,33,9,31.39999962
2.965671971,36.375,0,36.5,2.733330011,3.533329964,24.06669998,0.400000006,8.264200211,0.744000018,18,49,33,9,31.79999924
2.954242509,35.875,0,31.70000076,2.700000048,4.333330154,24.9666996,0.678847015,7.656859875,0.568000019,10,59,31,11,31
2.954242509,35.375,0,33.09999847,2.599999905,4.566669941,25.16670036,0.809975982,7.703299999,0.619000018,9,68,23,11,32
2.953759692,35.625,0,35,2.599999905,4.033329964,24.86669922,0.588268995,8.038149834,0.635999978,10,59,31,9,32.20000076
2.919601024,33.375,0,38.29999924,0.333332986,1.833330035,25.60000038,0.659372985,8.219269753,0.224000007,19,39,42,9,34.29999924
2.833784375,34.375,0,38,0.366667002,2.166670084,24.0333004,0.802269995,8.117710114,0.184,5,82,13,8,32.59999847
2.984527313,32.375,0,37.59999847,0.233333007,1.600000024,24.70000076,0.566421986,7.77876997,0.256999999,11,58,31,8,33.70000076
2.960470778,32.625,0,37.70000076,0.366667002,1.766669989,26.20000076,0.625892997,8.086460114,0.172000006,23,35,42,9,34.90000153
2.982271233,32.625,0,36.90000153,0.366667002,1.966670036,25.93330002,0.727802992,7.775290012,0.245000005,7,75,17,9,34.40000153
2.98721923,32.125,0,39.20000076,0.166666999,1.600000024,24.76670074,0.578922987,7.893159866,0.151999995,18,44,38,8,34.40000153
2.69019608,34.125,0,38.09999847,0.366667002,2.299999952,24.39999962,0.820568979,8.208029747,0.222000003,12,58,30,9,32.90000153
2.73239376,36.625,0,40.79999924,0.966666996,3.200000048,27.26670074,0.923883021,9.826530457,0.425999999,13,17,69,9,35.59999847
2.645422269,35.375,0,40.59999847,0.699999988,2.900000095,27.23329926,0.998293996,9.293020248,0.439999998,15,20,64,9,35.70000076
2.859738566,35.125,0,39.40000153,0.93333298,3.066669941,27.26670074,0.987613022,9.256640434,0.546999991,10,58,32,9,35.40000153
2.71432976,35.625,0,39.5,1.066669941,3.333329916,27.26670074,1.039520025,9.425919533,0.474999994,19,22,58,9,35.40000153
2.747411808,34.625,0,39.09999847,1,2.900000095,27.70000076,0.889458001,9.163109779,0.532999992,23,20,57,9,35.79999924
2.592176757,34.375,0,38.79999924,0.966666996,2.700000048,28.29999924,0.818350017,9.085900307,0.395000011,21,38,41,10,36.29999924
2.710963119,35.625,0,40.20000076,0.733332992,2.833329916,26.9666996,0.944320977,9.335220337,0.441000015,13,17,70,9,35.5
2.681241237,35.125,0,38.5,1.100000024,3.266669989,27.10000038,1.003139973,9.196920395,0.564999998,15,37,47,9,34.90000153
2.833784375,36.875,0,40.40000153,0.899999976,3.266669989,27.39999962,0.962439001,9.853240013,0.419,15,18,67,9,35.5
2.889861721,34.875,0,40.5,0.699999988,2.700000048,28,0.960547984,9.286089897,0.375999987,29,24,47,9,36.40000153
3.017867719,34.625,0,40.70000076,0.666666985,2.666670084,27.83329964,0.955487013,9.35766983,0.349999994,27,37,36,9,36.09999847
3.009450896,34.625,0,40.5,0.699999988,2.700000048,28,0.960547984,9.286089897,0.316000015,32,20,48,9,36.40000153
2.696356389,36.875,0,39.79999924,0.93333298,3.366669893,27.16670036,1.056110024,9.787870407,0.512000024,15,18,67,9,35
2.689308859,34.875,0,39.70000076,0.866666973,2.866669893,27.63330078,0.948044002,9.180060387,0.448000014,32,20,48,9,35.90000153
2.719331287,34.125,0,36,2.733330011,4.233329773,26.10000038,0.788938999,8.419710159,0.722000003,14,50,36,9,33.40000153
2.584331224,36.375,0,39.20000076,1.100000024,3.433330059,27,1.047469974,9.41849041,0.595000029,14,21,65,9,34.79999924
2.571708832,35.625,0,40.29999924,0.666666985,2.700000048,26.60000038,0.903653979,9.28028965,0.453999996,17,38,44,9,35.09999847
2.752816431,34.375,0,39.29999924,0.93333298,2.766669989,28.29999924,0.853290975,9.141810417,0.342000008,22,17,61,9,36.40000153
2.635483747,35.375,0,40.40000153,0.733332992,2.766669989,27.29999924,0.954415977,9.267539978,0.365999997,10,59,31,9,35.79999924
3.056904851,33.625,0,33.29999924,2.566669941,3.966670036,25.9666996,0.622494996,7.367879868,0.637000024,4,88,8,11,33.20000076
2.838849091,32.875,0,31.20000076,2.233330011,4.699999809,26.63330078,0.977434993,6.917150021,0.694999993,5,84,11,12,33.20000076
2.806179974,34.625,0,33.40000153,3.400000095,4.400000095,24.66670036,0.440728992,7.549890041,0.666999996,11,57,32,10,31.79999924
2.937517892,33.125,0,32,2.299999952,4.300000191,26.29999924,0.810676992,7.010749817,0.680999994,8,73,19,12,33.29999924
2.810904281,33.375,0,32,2.299999952,4.300000191,26.29999924,0.810676992,7.010749817,0.661000013,7,78,15,12,33.29999924
2.719331287,33.125,0,30.20000076,2.466670036,5.033329964,26.43330002,1.058689952,7.056829929,0.745999992,9,65,25,12,32.29999924
2.946943271,33.625,0,33.20000076,2.5,4.433330059,25.86669922,0.781413019,7.3979702,0.64200002,7,78,15,11,32.79999924
2.847572659,34.625,0,33,2.866669893,3.799999952,25.66670036,0.454189003,7.780409813,0.72299999,16,56,28,11,32.29999924
2.982271233,34.625,0,33.5,2.766669989,4.033329964,25.06669998,0.579707026,7.715099812,0.643000007,4,89,7,9,32
2.694605199,33.625,0,32.79999924,2.466670036,4.566669941,25.93330002,0.836071014,7.349520206,0.688000023,7,78,15,11,32.70000076
2.846337112,32.875,0,30.5,2.299999952,5.199999809,26.5333004,1.17189002,6.906839848,0.716000021,6,80,14,12,32.70000076
2.979548375,34.375,0,32.59999847,2.333329916,4.199999809,26.0333004,0.751160979,7.402470112,0.63499999,15,51,34,12,33
2.930949031,34.375,0,32.70000076,2.400000095,4.5,25.89999962,0.85187,7.472839832,0.615999997,11,50,39,11,32.59999847
2.922206277,33.125,0,32.09999847,2.400000095,4.966670036,26.0333004,1.02820003,7.14880991,0.731000006,4,88,8,12,32.59999847
2.739572344,33.875,0,33.29999924,2.566669941,3.966670036,25.9666996,0.622494996,7.367879868,0.704999983,13,30,58,11,33.20000076
2.822168079,34.125,0,32.59999847,2.333329916,4.199999809,26.0333004,0.751160979,7.402470112,0.686999977,8,68,23,12,33
2.806179974,33.375,0,29.60000038,2.466670036,5.099999905,26.5,1.109019995,7.032559872,0.683000028,6,82,13,12,32
2.868644438,32.875,0,31.20000076,2.233330011,4.699999809,26.63330078,0.977434993,6.917150021,0.663999975,5,83,12,12,33.20000076
3.025715384,33.875,0,31.20000076,2.533329964,5.066669941,26.13330078,1.057299972,7.23100996,0.680999994,9,69,23,12,32.20000076
2.857332496,34.375,0,33.90000153,2.633330107,4,25.13330078,0.600694001,7.693130016,0.666999996,13,17,70,9,32
2.957128198,34.125,0,33.5,2.533329964,4.300000191,25.43330002,0.734641016,7.513969898,0.620999992,8,74,19,11,32.5
3.008600172,33.875,0,32.79999924,2.5,4.300000191,26.10000038,0.749949992,7.337930202,0.637000024,5,86,10,12,33.09999847
3.0523091,34.125,0,32.70000076,2.400000095,4.5,25.89999962,0.85187,7.472839832,0.688000023,9,68,23,11,32.59999847
2.94792362,34.625,0,34,2.633330107,4.266670227,25.26670074,0.688872993,7.807569981,0.574000001,8,74,19,9,32.40000153
2.944482672,34.375,0,33.59999847,2.766669989,3.900000095,25.89999962,0.492597014,7.623869896,0.740999997,11,57,32,11,33.09999847
3.006893708,33.375,0,32,2.400000095,4.733329773,26.20000076,0.928463995,7.122710228,0.699999988,12,59,29,12,32.90000153
2.827369273,34.125,0,33.90000153,2.633330107,4,25.13330078,0.600694001,7.693130016,0.628000021,4,88,8,9,32
3.133538908,33.875,0,33.29999924,2.566669941,3.966670036,25.9666996,0.622494996,7.367879868,0.688000023,5,84,11,11,33.20000076
2.982271233,33.875,0,32.79999924,2.466670036,4.566669941,25.93330002,0.836071014,7.349520206,0.626999974,6,78,15,11,32.70000076
2.883661435,33.625,0,31.79999924,2.533329964,4.599999905,26.06669998,0.844052017,7.225709915,0.718999982,6,82,13,12,32.59999847
2.843855423,36.375,0,41,0.5,2.5,25.5,0.827327013,9.374239922,0.272000015,35,11,54,8,34.29999924
2.760422483,30.625,0,32,2.666670084,3.566669941,28.10000038,0.634548008,7.138259888,0.686999977,6,81,14,12,35.09999847
2.906335042,37.125,0,35.20000076,2.733330011,3.299999952,24.43330002,0.308465987,8.468170166,0.73299998,11,56,34,9,31.39999962
2.908485019,36.625,0,35.40000153,2.700000048,3.433330059,24.43330002,0.345095992,8.347249985,0.656000018,11,56,34,9,31.60000038
2.925312091,36.875,0,33,2.566669941,3.866669893,24.70000076,0.540131986,8.067009926,0.605000019,9,65,26,10,31
3.002597981,36.625,0,34.40000153,2.633330107,3.666670084,24.60000038,0.445856005,8.21102047,0.643000007,10,58,32,9,31.39999962
2.851869601,37.125,0,34.09999847,2.733330011,3.766669989,24.43330002,0.46992901,8.146400452,0.623000026,9,64,27,9,31.29999924
2.973127854,36.875,0,35.40000153,2.700000048,3.433330059,24.43330002,0.345095992,8.347249985,0.73299998,11,56,34,9,31.60000038
2.707570176,37.125,0,40.40000153,1.033329964,3.566669941,25.79999924,1.086380005,9.87364006,0.625,21,14,65,9,33.70000076
2.541579244,37.625,0,43.59999847,0.266667008,2.266669989,24.63330078,0.830617011,9.956040382,0.317000002,14,17,70,7,34.09999847
2.661812686,37.125,0,41.09999847,0.699999988,3.066669941,26.66670036,0.954257011,10.04819965,0.433999985,13,17,69,9,34.90000153
2.681241237,38.125,0,41.20000076,0.766667008,3.433330059,25.56669998,1.113819957,10.23750019,0.500999987,34,14,51,9,33.70000076
2.532754379,37.625,0,42.79999924,0.400000006,2.400000095,24.93330002,0.815011024,9.980480194,0.409000009,14,17,70,7,34
2.80140371,37.625,0,42,0.600000024,2.866669893,25.70000076,0.955487013,10.15719986,0.43900001,16,49,34,7,34.29999924
2.658964843,37.625,0,40.90000153,0.833333015,3.333329916,26.06669998,1.046640038,10.2198,0.481999993,17,27,56,9,33.90000153
2.496929648,37.125,0,43,0.366667002,2.266669989,25.10000038,0.785233021,9.812159538,0.310000002,3,92,5,7,34.40000153
2.670245853,37.375,0,40.5,0.833333015,3.333329916,26.60000038,1.043120027,10.04469967,0.469000012,16,26,58,9,34.5
2.852479994,31.125,0,30.5,3.5,4.833330154,27.26670074,0.635978997,7.099100113,0.626999974,54,22,24,12,33.40000153
2.908485019,32.625,0,33,2.666670084,3.566669941,27.33329964,0.445856005,7.749899864,0.713,50,25,25,12,34
2.988558957,32.625,0,33,2.666670084,3.566669941,27.33329964,0.445856005,7.749899864,0.656000018,10,51,38,12,34
2.908485019,31.625,0,30.89999962,3.099999905,4.833330154,27.13330078,0.792149007,7.108570099,0.578000009,23,15,62,12,33.5
2.926856709,31.625,0,30.89999962,3.099999905,4.833330154,27.13330078,0.792149007,7.108570099,0.582000017,49,18,34,12,33.5
2.999565488,32.875,0,32.90000153,2.599999905,4.566669941,27.06669998,0.907001019,7.66204977,0.577000022,48,18,34,12,33.70000076
2.960470778,32.125,0,31.89999962,2.833329916,4.699999809,27.0333004,0.848528028,7.379509926,0.565999985,13,17,70,12,33.5
2.870988814,31.625,0,31.70000076,3.099999905,4.5,27.20000076,0.645027995,7.33825016,0.744000018,18,20,62,12,33.70000076
2.944975908,32.375,0,31.70000076,2.666670084,4.599999905,27.06669998,0.888777018,7.28553009,0.58099997,20,17,63,12,33.5
2.907948522,32.875,0,33.09999847,2.733330011,4.533329964,27.06669998,0.826822996,7.737760067,0.612999976,17,17,65,12,33.70000076
2.915927212,31.625,0,31.70000076,2.900000095,4.166669846,27.29999924,0.583289981,7.356190205,0.677999973,12,31,57,12,33.79999924
2.958563883,32.875,0,33.29999924,2.799999952,4.266670227,27,0.676163018,7.777999878,0.690999985,10,53,37,12,33.79999924
2.808885867,30.625,0,29.29999924,3.766669989,4.733329773,27.39999962,0.426400989,6.703609943,0.69599998,51,21,28,12,33.29999924
2.962369336,31.375,0,30.5,3.5,4.833330154,27.26670074,0.635978997,7.099100113,0.676999986,10,59,31,12,33.40000153
2.924795996,32.375,0,31.89999962,2.833329916,4.699999809,27.0333004,0.848528028,7.379509926,0.601000011,13,17,70,12,33.5
2.970811611,31.875,0,30.5,2.900000095,4.800000191,26.9666996,0.88261801,6.966589928,0.606000006,13,17,70,12,33.20000076
2.911690159,32.875,0,32.90000153,2.599999905,4.566669941,27.06669998,0.907001019,7.66204977,0.593999982,13,17,70,12,33.70000076
2.85308953,32.625,0,32.5,2.900000095,4.900000095,26.0333004,0.868079007,7.549849987,0.690999985,7,79,15,12,32.59999847
2.810904281,30.625,0,28.60000038,3.5,5.466670036,27.33329964,0.927689016,6.677760124,0.639999986,10,61,30,12,32.79999924
2.822821645,31.875,0,31.70000076,2.700000048,4.699999809,26.60000038,0.857541978,7.097990036,0.717000008,10,66,23,12,33.29999924
3.039017322,33.625,0,32.90000153,3.066669941,4.933330059,24.60000038,0.767670989,7.421030045,0.749000013,19,40,41,11,31.5
2.954242509,34.125,0,33.09999847,3.099999905,5,24.23329926,0.784895003,7.663290024,0.639999986,14,51,35,9,30.89999962
2.596597096,31.375,0,31.10000038,3.099999905,4.766670227,26.60000038,0.849018991,6.800549984,0.635999978,7,76,17,12,33.29999924
2.888179494,34.625,0,35.09999847,2.933330059,4.5,24.93330002,0.727542996,8.242839813,0.686999977,14,43,44,9,32.09999847
2.762678564,31.375,0,30.29999924,3.366669893,4.966670036,27.16670036,0.85155803,6.892879963,0.75999999,9,63,28,12,33.29999924
2.72916479,31.875,0,31.39999962,3,4.866670132,26.5333004,0.848662019,7.037539959,0.714999974,9,62,28,12,33.20000076
3.010299957,34.125,0,32.79999924,3.166670084,4.833330154,25.06669998,0.756137013,7.853990078,0.713999987,15,43,42,11,31.39999962
2.664641976,31.375,0,31.10000038,3.099999905,4.766670227,26.60000038,0.849018991,6.800549984,0.637000024,7,74,19,12,33.29999924
2.825426118,32.375,0,31.79999924,2.900000095,4.933330059,26.86669922,0.886600971,7.308330059,0.683000028,20,38,41,12,33.29999924
2.900367129,32.625,0,32.29999924,2.933330059,4.833330154,25.86669922,0.828059018,7.405960083,0.734000027,11,58,31,12,32.5
2.753583059,31.125,0,30,3.366669893,5.099999905,26.9666996,0.90537101,6.841249943,0.694000006,9,66,26,12,33
3.07114529,34.125,0,33,3.133330107,4.900000095,24.66670036,0.77165699,7.72811985,0.722000003,11,52,36,10,31.29999924
2.639486489,31.125,0,31.10000038,3.099999905,4.766670227,26.60000038,0.849018991,6.800549984,0.606999993,10,66,25,12,33.29999924
2.713490543,31.375,0,31.10000038,3.099999905,4.766670227,26.60000038,0.849018991,6.800549984,0.635999978,7,76,17,12,33.29999924
2.777426822,31.125,0,30.70000076,2.833329916,4.666669846,26.60000038,0.824024022,6.808340073,0.591000021,8,70,22,12,33.20000076
2.924279286,34.875,0,35.09999847,2.933330059,4.5,24.93330002,0.727542996,8.242839813,0.648999989,13,19,68,9,32.09999847
2.916980047,34.625,0,34.70000076,2.966670036,4.466670036,25.16670036,0.702539027,8.251850128,0.660000026,18,22,59,9,32.09999847
2.891537458,32.625,0,32.70000076,2.633330107,4.566669941,25.63330078,0.879909992,7.400420189,0.708999991,12,56,32,11,32.40000153
2.932980822,34.875,0,33.5,3.033329964,4.599999905,25.06669998,0.730503976,8.119839668,0.602999985,14,17,69,10,31.5
2.882524538,32.375,0,32.09999847,2.799999952,4.633329868,26.26670074,0.843648016,7.32035017,0.736999989,27,38,36,12,32.90000153
3.033423755,34.625,0,33.5,3.033329964,4.599999905,25.06669998,0.730503976,8.119839668,0.68900001,19,21,61,10,31.5
2.846955325,30.625,0,28.89999962,3.466670036,5.300000191,27.4666996,0.898609996,6.710700035,0.465000004,10,58,32,12,33
2.773054693,31.625,0,31.20000076,3.099999905,5.033329964,26.89999962,0.880943,7.125299931,0.760999978,14,50,36,12,33.20000076
2.951823035,34.875,0,33.5,3.033329964,4.599999905,25.06669998,0.730503976,8.119839668,0.602999985,14,17,69,10,31.5
2.701567985,31.875,0,31.70000076,2.833329916,4.733329773,26.33329964,0.865631998,7.058819771,0.70599997,8,72,20,12,33.09999847
2.900367129,33.375,0,32.59999847,2.933330059,4.800000191,25.86669922,0.798103988,7.614799976,0.764999986,11,52,37,11,32.40000153
2.981365509,33.375,0,32.70000076,3,4.866670132,25.5,0.797533989,7.385749817,0.757000029,14,51,36,11,32.40000153
3.128399269,31.875,0,38,0.266667008,2.133330107,24.73329926,0.800521016,7.046919823,0.200000003,16,58,26,9,35
3.092018471,32.875,0,38,0.200000003,1.666669965,25.39999962,0.577547014,7.692009926,0.26699999,18,44,39,9,35.09999847
2.769377326,30.375,0,27.79999924,2.900000095,5.433330059,26.93330002,1.054970026,6.320219994,0.69599998,8,68,24,12,32.5
2.782472624,30.875,0,28.39999962,3.5,5.599999905,27.20000076,0.957584977,6.636400223,0.675999999,10,60,30,12,32.70000076
2.79518459,30.875,0,30,3.233330011,5.366670132,26.70000076,0.976853013,6.490290165,0.700999975,8,67,24,12,33.20000076
2.776701184,30.875,0,29.89999962,2.933330059,4.866670132,26.79999924,0.88775301,6.598050117,0.605000019,6,80,14,12,33.09999847
2.77815125,30.625,0,30.5,2.533329964,4.766670227,26.86669922,0.99220401,6.452670097,0.691999972,7,72,20,12,33.5
2.770115295,30.625,0,29,3.533329964,5.666669846,26.9666996,0.988225996,6.538340092,0.589999974,4,89,7,12,32.90000153
2.783188691,30.625,0,28.39999962,3.5,5.599999905,27.20000076,0.957584977,6.636400223,0.519999981,5,83,11,12,32.70000076
2.78604121,30.625,0,30.20000076,3.466670036,5.733329773,26.66670036,1.041960001,6.433499813,0.649999976,6,80,14,12,33.29999924
2.764176132,30.625,0,30,3.233330011,5.366670132,26.70000076,0.976853013,6.490290165,0.64200002,6,81,13,12,33.20000076
2.971739591,32.625,6.640326077,,,,,,,,,,,,
2.936513742,32.375,5.989279359,,,,,,,,,,,,
2.98721923,35.375,0,,,,,,,,,,,,
2.947433722,36.375,0,,,,,,,,,,,,
2.903089987,34.625,0,,,,,,,,,,,,
2.906873535,34.375,0,,,,,,,,,,,,
3.005609445,35.875,0,,,,,,,,,,,,
2.897627091,34.625,0,,,,,,,,,,,,
2.967079734,36.375,0,,,,,,,,,,,,
2.982271233,36.125,0,,,,,,,,,,,,
3.006893708,35.875,0,,,,,,,,,,,,
2.931966115,34.875,0,,,,,,,,,,,,
2.923244019,27.875,7.138408748,,,,,,,,,,,,
2.921166051,37.375,0,,,,,,,,,,,,
2.928395852,33.125,0,,,,,,,,,,,,
3.151676231,33.375,0,37.5,0.166666999,1.033329964,30.76670074,0.366804004,8.015789986,0.213,18,49,33,12,40.29999924
3.09482038,35.375,0,38.70000076,0.233333007,0.766667008,27.93330002,0.239159003,8.293820381,0.185000002,28,37,35,11,38.29999924
3.127752516,32.125,0,34.79999924,0.233333007,1.633329988,29.76670074,0.555140972,7.538869858,0.191,11,56,33,12,38.20000076
3.18610838,32.875,0,35.79999924,0.200000003,1.266669989,31.10000038,0.437884003,7.97852993,0.142000005,12,54,34,12,39.59999847
3.157758886,32.625,0,,,,,,,,,,,,
3.145196406,39.125,5.834634301,,,,,,,,,,,,
3.200850498,36.625,7.605814671,,,,,,,,,,,,
3.171433901,39.625,5.172039267,33.29999924,0.200000003,2.866669893,24.43330002,1.20528996,6.821730137,0.423000008,41,27,32,12,34.90000153
3.19368103,32.875,6.516197326,,,,,,,,,,,,
3.177247836,35.375,7.446089206,,,,,,,,,,,,
3.15715444,36.125,7.297103475,,,,,,,,,,,,
3.146748014,37.125,6.541119872,,,,,,,,,,,,
3.196728723,37.125,7.09634562,,,,,,,,,,,,
3.255272505,33.875,6.480839501,31.89999962,0.366667002,2.799999952,21.43330002,1.072659969,6.118579865,0.375999987,7,72,21,10,31.29999924
3.158362492,34.375,4.195013563,33.09999847,0.5,3.233330011,18.89999962,1.184370041,6.31196022,0.221000001,10,62,27,6,29.39999962
3.07114529,39.125,4.80497041,,,,,,,,,,,,
3.20167018,36.125,7.175623243,,,,,,,,,,,,
2.96425963,30.875,6.733093696,,,,,,,,,,,,
3.009875634,37.125,0,,,,,,,,,,,,
